{
    "parameters": {
        "T1": 6.0,
        "T2": 10.0,
        "T3": 72.85714285714286,
        "T4": 300.0,
        "TR": 0.8,
        "A1": 0.5996120764301797,
        "A2": 0.2602586157132136,
        "A3": 0.01,
        "A4": 0.1301293078566068
    },
    "last_measured": {
        "T1": 6.0,
        "T2": 10.0,
        "T3": 72.85714285714286,
        "T4": 300.0,
        "TR": 0.1,
        "A1": 0.5996120764301797,
        "A2": 0.2602586157132136,
        "A3": 0.01,
        "A4": 0.1301293078566068
    },
    "current_parameters": [
        8
    ],
    "current_iteration": 10,
    "max_iteration": 10,
    "global_best": {
        "objective": 0.025250811842054577,
        "parameters": {
            "T1": 6.0,
            "T2": 10.0,
            "T3": 72.85714285714286,
            "T4": 300.0,
            "TR": 2.0,
            "A1": 0.5996120764301797,
            "A2": 0.2602586157132136,
            "A3": 0.01,
            "A4": 0.1301293078566068
        }
    },
    "terminate_flag": 0
}